Date,RATE_2Y_USD,RATE_2Y_EUR,RATE_2Y_GBP,RATE_2Y_JPY,RATE_2Y_CHINA,RATE_2Y_CHF,RATE_2Y_AUD,RATE_2Y_CAD,RATE_2Y_KRW,RATE_2Y_SEK,RATE_2Y_INDIA,RATE_2Y_BRL
2010-01-01,0.816,1.137,1.311,0.165,1.9,0.561,4.24,1.35,3.975,1.605,5.203,11.8
2010-02-01,0.816,0.857,0.97,0.155,2.08,0.335,4.55,1.281,3.79,1.573,6.147,11.7
2010-03-01,1.02,0.976,1.018,0.185,1.97,0.457,4.985,1.731,3.24,1.525,6.174,11.733
2010-04-01,0.964,0.794,1.144,0.173,2.1,0.445,4.93,1.918,3.4,1.36,5.922,12.38
2010-05-01,0.774,0.51,0.879,0.17,2.14,0.264,4.435,1.838,3.53,1.26,5.928,12.09
2010-06-01,0.605,0.587,0.756,0.15,2.3,0.305,4.452,1.391,3.75,1.412,6.202,12.296
2010-07-01,0.554,0.82,0.77,0.155,2.22,0.412,4.573,1.459,3.62,1.443,7.014,11.366
2010-08-01,0.477,0.601,0.635,0.133,2.22,0.336,4.255,1.212,3.38,1.285,6.812,11.216
2010-09-01,0.422,0.838,0.643,0.14,2.13,0.445,4.782,1.37,3.16,1.402,7.022,11.905
2010-10-01,0.34,1.019,0.685,0.145,2.18,0.515,4.845,1.407,3.19,1.375,7.257,11.77
2010-11-01,0.461,0.869,0.903,0.195,2.74,0.456,4.968,1.615,3.19,1.573,7.318,12.339
2010-12-01,0.605,0.854,1.088,0.175,3.4,0.501,5.11,1.671,3.34,1.835,7.508,12.34
2011-01-01,0.57,1.37,1.3,0.2,3.2,0.63,4.875,1.671,3.87,1.952,7.721,12.967
2011-02-01,0.688,1.525,1.397,0.245,3.2,0.617,4.91,1.842,3.64,2.195,7.712,12.816
2011-03-01,0.833,1.795,1.352,0.215,3.18,0.696,4.93,1.829,3.57,2.781,7.579,12.75
2011-04-01,0.609,1.774,1.099,0.2,3.16,0.771,4.977,1.704,3.7,2.76,7.955,12.753
2011-05-01,0.468,1.609,0.933,0.18,3.2,0.523,4.8,1.561,3.52,2.495,8.271,12.61
2011-06-01,0.458,1.606,0.883,0.175,3.59,0.297,4.765,1.596,3.71,2.313,8.191,12.811
2011-07-01,0.359,1.165,0.639,0.157,3.72,0.149,4.412,1.39,3.77,1.988,8.37,12.845
2011-08-01,0.203,0.73,0.602,0.142,3.95,0.102,3.743,1.086,3.458,1.46,8.235,11.287
2011-09-01,0.247,0.554,0.576,0.142,3.7,0.014,3.625,0.907,3.61,1.182,8.357,10.607
2011-10-01,0.25,0.544,0.548,0.15,3.4,0.067,3.905,0.996,3.52,1.301,8.646,10.475
2011-11-01,0.258,0.335,0.474,0.144,3.0,-0.062,3.132,1.011,3.41,0.83,8.528,10.01
2011-12-01,0.247,0.152,0.334,0.135,2.82,0.017,3.17,0.954,3.37,0.9,8.18,10.17
2012-01-01,0.219,0.165,0.356,0.131,2.88,0.054,3.195,0.96,3.36,0.986,8.051,10.1
2012-02-01,0.297,0.188,0.412,0.117,3.03,0.027,3.652,1.098,3.44,1.137,8.041,9.81
2012-03-01,0.336,0.209,0.428,0.12,2.94,0.06,3.473,1.197,3.53,1.272,7.963,9.605
2012-04-01,0.262,0.083,0.455,0.118,2.91,-0.047,3.047,1.338,3.45,1.14,7.884,8.809
2012-05-01,0.266,0.006,0.244,0.103,2.55,-0.231,2.178,1.067,3.31,0.763,7.982,8.629
2012-06-01,0.305,0.124,0.283,0.105,2.4,-0.276,2.505,1.031,3.26,0.985,7.989,8.275
2012-07-01,0.215,-0.088,0.091,0.099,2.39,-0.412,2.73,1.078,2.85,0.96,8.054,8.235
2012-08-01,0.226,-0.032,0.088,0.101,2.87,-0.425,2.753,1.152,2.77,0.847,7.917,8.265
2012-09-01,0.234,0.021,0.195,0.103,2.94,-0.122,2.505,1.066,2.81,0.668,7.928,8.1
2012-10-01,0.285,0.038,0.258,0.1,3.08,-0.146,2.58,1.076,2.78,0.757,7.876,7.88
2012-11-01,0.25,0.01,0.318,0.097,3.05,-0.135,2.665,1.069,2.83,0.707,8.035,7.87
2012-12-01,0.251,-0.028,0.331,0.097,3.085,-0.111,2.652,1.142,2.82,0.829,8.028,7.76
2013-01-01,0.266,0.266,0.379,0.074,3.08,0.081,2.763,1.163,2.76,1.014,7.747,8.002
2013-02-01,0.238,0.049,0.251,0.046,3.06,0.016,2.672,0.953,2.625,1.033,7.71,8.41
2013-03-01,0.25,-0.023,0.206,0.069,3.06,-0.005,2.819,1.002,2.47,0.996,7.74,8.59
2013-04-01,0.211,0.007,0.247,0.129,3.06,-0.075,2.582,0.924,2.51,0.809,7.455,8.38
2013-05-01,0.297,0.077,0.39,0.148,3.06,-0.008,2.56,1.081,2.76,0.923,7.319,8.79
2013-06-01,0.359,0.193,0.394,0.149,3.38,-0.019,2.663,1.224,2.85,1.124,7.56,10.155
2013-07-01,0.313,0.151,0.321,0.123,3.3,0.055,2.442,1.155,2.83,1.036,8.969,9.87
2013-08-01,0.403,0.248,0.431,0.118,3.76,0.013,2.596,1.194,2.775,1.235,9.27,10.895
2013-09-01,0.321,0.172,0.447,0.108,3.8,0.041,2.586,1.193,2.75,1.11,8.653,10.56
2013-10-01,0.309,0.125,0.43,0.1,3.91,0.024,2.699,1.102,2.77,1.014,8.373,11.315
2013-11-01,0.285,0.119,0.465,0.087,4.29,-0.096,2.726,1.097,2.92,0.857,8.335,11.94
2013-12-01,0.384,0.207,0.566,0.1,4.39,-0.004,2.653,1.135,2.79,1.09,8.5,12.47
2014-01-01,0.332,0.073,0.495,0.089,3.82,-0.129,2.564,0.949,2.801,0.936,8.591,13.04
2014-02-01,0.325,0.13,0.509,0.073,3.57,-0.091,2.522,1.0,2.75,0.889,8.635,12.42
2014-03-01,0.422,0.165,0.72,0.091,3.52,-0.082,2.848,1.065,2.831,0.773,8.435,12.56
2014-04-01,0.414,0.144,0.704,0.089,3.8,-0.029,2.77,1.064,2.822,0.637,8.553,12.33
2014-05-01,0.375,0.066,0.67,0.09,3.78,-0.081,2.663,1.053,2.775,0.529,8.344,11.69
2014-06-01,0.457,0.031,0.869,0.077,3.65,0.005,2.531,1.102,2.657,0.44,8.187,11.64
2014-07-01,0.531,0.038,0.842,0.071,3.925,0.006,2.614,1.099,2.46,0.28,8.118,11.92
2014-08-01,0.492,-0.029,0.842,0.072,3.943,-0.024,2.543,1.106,2.436,0.174,8.452,11.365
2014-09-01,0.575,-0.075,0.842,0.074,3.85,-0.081,2.659,1.124,2.286,0.147,8.432,12.355
2014-10-01,0.497,-0.056,0.669,0.034,3.468,-0.081,2.537,1.023,2.131,-0.031,8.21,12.43
2014-11-01,0.476,-0.032,0.525,0.008,3.166,-0.077,2.436,0.95,2.06,-0.029,8.035,12.27
2014-12-01,0.672,-0.105,0.446,-0.016,3.369,-0.305,2.183,1.011,2.092,-0.014,7.791,13.03
2015-01-01,0.453,-0.184,0.364,0.016,3.22,-0.685,1.997,0.392,2.0,-0.126,7.78,12.56
2015-02-01,0.622,-0.22,0.449,0.023,3.141,-0.891,1.818,0.472,2.032,-0.16,7.757,12.81
2015-03-01,0.559,-0.247,0.426,0.044,3.256,-0.805,1.71,0.507,1.717,-0.32,7.828,13.42
2015-04-01,0.575,-0.224,0.529,0.009,2.978,-0.812,1.979,0.678,1.799,-0.277,7.882,13.525
2015-05-01,0.609,-0.22,0.5,0.001,2.226,-0.898,1.889,0.571,1.75,-0.277,7.784,13.35
2015-06-01,0.645,-0.222,0.569,0.007,2.477,-0.958,2.019,0.483,1.75,-0.274,7.801,13.97
2015-07-01,0.669,-0.227,0.561,0.011,2.63,-0.84,1.882,0.409,1.705,-0.402,7.807,13.465
2015-08-01,0.739,-0.194,0.68,0.012,2.56,-0.731,1.792,0.441,1.678,-0.53,7.87,14.325
2015-09-01,0.629,-0.247,0.568,0.019,2.751,-0.836,1.828,0.518,1.545,-0.496,7.563,15.94
2015-10-01,0.728,-0.312,0.628,0.007,2.63,-0.869,1.782,0.576,1.633,-0.461,7.411,15.8
2015-11-01,0.934,-0.414,0.611,0.002,2.754,-1.113,2.013,0.631,1.77,-0.478,7.465,16.17
2015-12-01,1.052,-0.34,0.656,-0.009,2.473,-0.841,2.033,0.476,1.653,-0.456,7.363,16.47
2016-01-01,0.778,-0.484,0.34,-0.06,2.584,-0.938,1.922,0.42,1.562,-0.56,7.325,14.99
2016-02-01,0.785,-0.57,0.379,-0.232,2.498,-1.096,1.779,0.521,1.46,-0.605,7.407,14.6
2016-03-01,0.725,-0.485,0.451,-0.207,2.357,-0.864,1.895,0.541,1.474,-0.457,7.271,13.67
2016-04-01,0.782,-0.476,0.52,-0.233,2.591,-0.829,1.868,0.692,1.466,-0.4,7.164,12.74
2016-05-01,0.883,-0.509,0.43,-0.236,2.585,-0.825,1.691,0.613,1.505,-0.433,7.116,12.88
2016-06-01,0.586,-0.649,0.11,-0.298,2.538,-1.077,1.608,0.517,1.282,-0.637,7.029,12.695
2016-07-01,0.659,-0.626,0.112,-0.244,2.447,-0.917,1.518,0.54,1.241,-0.67,6.855,12.63
2016-08-01,0.809,-0.618,0.154,-0.193,2.38,-0.848,1.45,0.579,1.323,-0.643,6.837,12.5
2016-09-01,0.766,-0.688,0.11,-0.276,2.363,-1.034,1.563,0.522,1.294,-0.679,6.691,11.895
2016-10-01,0.845,-0.618,0.267,-0.238,2.357,-0.894,1.665,0.553,1.47,-0.744,6.543,11.695
2016-11-01,1.119,-0.728,0.132,-0.159,2.505,-0.95,1.856,0.703,1.727,-0.721,5.99,11.685
2016-12-01,1.198,-0.782,0.079,-0.175,2.798,-1.004,1.913,0.746,1.635,-0.634,6.372,11.12
2017-01-01,1.212,-0.698,0.131,-0.198,2.819,-0.896,1.811,0.77,1.632,-0.547,6.281,10.46
2017-02-01,1.264,-0.896,0.098,-0.271,2.872,-0.974,1.817,0.758,1.6,-0.675,6.442,9.9
2017-03-01,1.262,-0.74,0.127,-0.189,2.971,-0.887,1.778,0.748,1.635,-0.615,6.455,9.56
2017-04-01,1.27,-0.729,0.076,-0.205,3.251,-0.874,1.668,0.725,1.624,-0.677,6.593,9.5
2017-05-01,1.286,-0.716,0.127,-0.156,3.62,-0.912,1.554,0.695,1.607,-0.719,6.524,9.655
2017-06-01,1.386,-0.573,0.358,-0.111,3.491,-0.783,1.749,1.1,1.633,-0.626,6.376,9.235
2017-07-01,1.355,-0.68,0.271,-0.112,3.473,-0.772,1.81,1.315,1.615,-0.688,6.308,8.42
2017-08-01,1.329,-0.733,0.176,-0.164,3.547,-0.839,1.898,1.275,1.654,-0.694,6.35,8.185
2017-09-01,1.491,-0.681,0.45,-0.113,3.545,-0.818,1.967,1.518,1.857,-0.68,6.402,7.69
2017-10-01,1.6,-0.75,0.459,-0.157,3.652,-0.851,1.831,1.393,2.13,-0.785,6.475,8.16
2017-11-01,1.79,-0.684,0.517,-0.157,3.749,-0.882,1.756,1.431,2.034,-0.859,6.582,8.14
2017-12-01,1.887,-0.632,0.446,-0.137,3.824,-0.739,1.987,1.685,2.082,-0.785,6.729,7.775
2018-01-01,2.149,-0.529,0.664,-0.134,3.623,-0.839,2.062,1.839,2.196,-0.315,6.86,7.98
2018-02-01,2.258,-0.534,0.778,-0.157,3.35,-0.888,2.007,1.787,2.127,-0.458,6.85,7.57
2018-03-01,2.27,-0.588,0.82,-0.132,3.519,-0.924,2.009,1.776,2.146,-0.474,6.849,7.285
2018-04-01,2.492,-0.573,0.775,-0.132,3.13,-0.735,2.065,1.894,2.142,-0.549,7.33,7.24
2018-05-01,2.435,-0.686,0.61,-0.142,3.2,-0.817,1.985,1.919,2.11,-0.578,7.552,7.94
2018-06-01,2.532,-0.694,0.722,-0.122,3.33,-0.753,2.01,1.912,2.029,-0.559,7.509,8.56
2018-07-01,2.674,-0.581,0.764,-0.111,3.064,-0.721,2.031,2.068,2.029,-0.495,7.581,8.38
2018-08-01,2.629,-0.62,0.727,-0.113,3.149,-0.741,1.971,2.07,1.799,-0.533,7.759,9.26
2018-09-01,2.823,-0.543,0.821,-0.112,3.265,-0.712,2.039,2.214,1.977,-0.458,7.867,9.02
2018-10-01,2.871,-0.653,0.745,-0.123,3.075,-0.724,1.979,2.338,1.923,-0.437,7.592,8.22
2018-11-01,2.797,-0.595,0.768,-0.129,2.837,-0.699,2.004,2.161,1.882,-0.463,7.3,8.03
2018-12-01,2.496,-0.59,0.75,-0.138,2.897,-0.79,1.906,1.862,1.835,-0.391,7.014,7.35
2019-01-01,2.464,-0.559,0.755,-0.167,2.7,-0.763,1.854,1.775,1.807,-0.431,6.935,7.1
2019-02-01,2.518,-0.534,0.83,-0.152,2.732,-0.744,1.713,1.78,1.827,-0.382,6.731,7.24
2019-03-01,2.266,-0.607,0.633,-0.178,2.603,-0.784,1.465,1.55,1.697,-0.513,6.515,7.32
2019-04-01,2.266,-0.594,0.762,-0.149,2.923,-0.758,1.343,1.564,1.712,-0.568,6.722,7.345
2019-05-01,1.924,-0.66,0.603,-0.173,2.838,-0.794,1.122,1.43,1.601,-0.581,6.397,6.655
2019-06-01,1.757,-0.734,0.616,-0.218,2.833,-0.888,0.971,1.474,1.485,-0.627,6.298,5.985
2019-07-01,1.868,-0.783,0.428,-0.205,2.777,-0.981,0.859,1.546,1.302,-0.644,6.019,5.72
2019-08-01,1.51,-0.923,0.402,-0.305,2.674,-1.099,0.724,1.353,1.219,-0.664,5.836,5.85
2019-09-01,1.626,-0.752,0.368,-0.322,2.767,-0.891,0.738,1.58,1.313,-0.637,5.793,5.28
2019-10-01,1.526,-0.661,0.51,-0.231,2.898,-0.77,0.85,1.516,1.462,-0.424,5.607,4.824
2019-11-01,1.612,-0.629,0.553,-0.173,2.788,-0.781,0.682,1.586,1.381,-0.315,5.524,5.21
2019-12-01,1.571,-0.594,0.536,-0.127,2.745,-0.729,0.932,1.699,1.365,-0.32,5.776,5.13
2020-01-01,1.319,-0.668,0.511,-0.152,2.545,-0.741,0.659,1.433,1.307,-0.351,5.671,4.87
2020-02-01,0.931,-0.767,0.315,-0.253,2.36,-0.819,0.569,1.153,1.107,-0.509,5.49,4.53
2020-03-01,0.253,-0.678,0.134,-0.141,1.978,-0.579,0.251,0.424,1.062,-0.432,5.042,4.425
2020-04-01,0.201,-0.765,0.011,-0.178,1.325,-0.649,0.238,0.329,0.952,-0.365,4.467,4.04
2020-05-01,0.164,-0.646,-0.043,-0.163,1.84,-0.678,0.281,0.307,0.76,-0.297,4.274,3.51
2020-06-01,0.154,-0.688,-0.082,-0.143,2.257,-0.657,0.272,0.286,0.79,-0.354,4.173,3.305
2020-07-01,0.109,-0.715,-0.072,-0.138,2.433,-0.788,0.277,0.27,0.712,-0.3,4.191,3.28
2020-08-01,0.133,-0.65,-0.05,-0.113,2.715,-0.8,0.27,0.276,0.842,-0.354,4.464,3.605
2020-09-01,0.131,-0.698,-0.014,-0.136,2.827,-0.792,0.184,0.248,0.792,-0.36,4.428,3.485
2020-10-01,0.156,-0.794,-0.024,-0.122,2.864,-0.752,0.12,0.278,0.862,-0.411,4.19,4.035
2020-11-01,0.15,-0.741,-0.018,-0.123,2.974,-0.738,0.099,0.263,0.88,-0.39,3.918,3.87
2020-12-01,0.123,-0.708,-0.155,-0.122,2.764,-0.779,0.074,0.203,0.885,-0.394,3.865,4.41
2021-01-01,0.111,-0.727,-0.101,-0.125,2.85,-0.782,0.114,0.158,0.869,-0.373,4.187,4.99
2021-02-01,0.129,-0.664,0.129,-0.112,2.774,-0.68,0.127,0.304,0.864,-0.261,4.715,6.41
2021-03-01,0.162,-0.695,0.105,-0.123,2.854,-0.78,0.089,0.228,0.911,-0.287,4.537,7.265
2021-04-01,0.162,-0.686,0.084,-0.124,2.753,-0.737,0.09,0.303,0.947,-0.288,4.462,7.03
2021-05-01,0.141,-0.663,0.066,-0.128,2.729,-0.739,0.069,0.331,0.995,-0.279,4.379,7.38
2021-06-01,0.252,-0.657,0.059,-0.112,2.656,-0.751,0.072,0.453,1.3,-0.255,4.593,7.71
2021-07-01,0.188,-0.757,0.061,-0.124,2.425,-0.76,0.027,0.449,1.256,-0.335,4.228,8.365
2021-08-01,0.211,-0.717,0.158,-0.132,2.465,-0.734,0.024,0.436,1.249,-0.304,4.442,9.145
2021-09-01,0.281,-0.689,0.411,-0.124,2.488,-0.76,0.045,0.527,1.444,-0.297,4.699,9.915
2021-10-01,0.501,-0.58,0.71,-0.101,2.612,-0.668,0.623,1.099,1.835,-0.094,4.83,12.63
2021-11-01,0.567,-0.748,0.479,-0.125,2.54,-0.758,0.349,0.984,1.654,-0.305,4.728,12.135
2021-12-01,0.734,-0.637,0.679,-0.089,2.37,-0.698,0.373,0.95,1.672,-0.201,4.996,11.715
2022-01-01,1.185,-0.534,1.044,-0.049,2.15,-0.707,0.928,1.277,2.006,-0.079,5.008,12.0
2022-02-01,1.436,-0.507,1.053,-0.03,2.221,-0.409,1.144,1.436,1.991,-0.074,4.843,12.245
2022-03-01,2.335,-0.07,1.359,-0.04,2.299,-0.111,1.792,2.291,2.371,0.68,4.972,12.39
2022-04-01,2.731,0.258,1.608,-0.054,2.333,0.085,2.491,2.622,2.78,1.153,5.492,12.685
2022-05-01,2.563,0.508,1.578,-0.073,2.235,0.068,2.728,2.663,2.778,1.156,6.377,12.7
2022-06-01,2.955,0.679,1.878,-0.058,2.253,0.051,2.995,3.093,3.541,1.612,6.528,13.155
2022-07-01,2.891,0.273,1.714,-0.084,2.104,-0.022,2.558,2.963,3.026,1.706,6.406,13.1
2022-08-01,3.495,1.198,3.008,-0.084,2.054,0.608,3.148,3.653,3.696,2.169,6.594,12.5
2022-09-01,4.273,1.778,4.301,-0.048,2.195,0.752,3.53,3.798,4.21,2.233,7.086,12.145
2022-10-01,4.486,1.949,3.274,-0.039,2.054,0.579,3.239,3.896,4.228,2.414,7.007,12.255
2022-11-01,4.329,2.139,3.28,-0.024,2.338,0.891,3.128,3.874,3.816,2.44,6.863,13.535
2022-12-01,4.428,2.731,3.707,0.032,2.343,1.284,3.416,4.052,3.791,2.8,6.955,13.055
2023-01-01,4.205,2.649,3.453,-0.018,2.345,1.025,3.144,3.763,3.453,2.493,7.063,13.175
2023-02-01,4.818,3.132,3.682,-0.037,2.51,1.241,3.633,4.211,3.898,3.22,7.315,13.005
2023-03-01,4.038,2.695,3.441,-0.055,2.37,1.206,3.086,3.753,3.34,2.849,7.048,12.06
2023-04-01,4.021,2.729,3.78,-0.036,2.292,1.149,3.083,3.671,3.363,2.888,6.887,12.005
2023-05-01,4.409,2.739,4.33,-0.052,2.168,1.151,3.581,4.228,3.576,2.973,6.802,11.3
2023-06-01,4.904,3.267,5.263,-0.066,2.115,1.217,4.198,4.585,3.74,3.469,6.944,10.409
2023-07-01,4.885,3.206,4.979,0.007,2.103,1.175,4.027,4.674,3.714,3.337,7.076,10.305
2023-08-01,4.863,2.981,5.145,0.031,2.119,1.107,3.812,4.646,3.721,3.435,7.109,10.31
2023-09-01,5.052,3.206,4.908,0.051,2.245,1.246,4.115,4.875,3.887,3.499,7.256,10.73
2023-10-01,5.083,3.074,4.785,0.156,2.365,1.304,4.452,4.644,4.003,3.449,7.319,11.1
2023-11-01,4.695,2.814,4.591,0.029,2.422,1.3,4.083,4.185,3.618,3.288,7.263,10.125
2023-12-01,4.25,2.4,3.977,0.049,2.204,1.101,3.717,3.889,3.241,2.265,7.08,9.727
2024-01-01,4.209,2.407,4.227,0.091,2.113,1.074,3.753,3.968,3.324,2.382,6.999,9.685
2024-02-01,4.623,2.885,4.308,0.18,2.04,1.119,3.736,4.185,3.469,2.786,7.026,9.845
2024-03-01,4.628,2.823,4.157,0.181,1.898,0.958,3.691,4.187,3.368,2.671,7.026,9.953
2024-04-01,5.037,3.034,4.505,0.276,1.932,0.996,4.1,4.346,3.517,2.858,7.138,10.75
2024-05-01,4.877,3.113,4.419,0.405,1.776,1.112,4.112,4.181,3.457,2.757,6.995,10.96
2024-06-01,4.749,2.825,4.219,0.355,1.652,0.804,4.192,3.998,3.244,2.422,6.949,11.642
2024-07-01,4.26,2.533,3.81,0.455,1.519,0.643,3.869,3.452,3.087,2.118,6.817,11.775
2024-08-01,3.919,2.384,4.113,0.361,1.537,0.547,3.621,3.33,3.062,1.862,6.745,11.927
2024-09-01,3.644,2.068,3.9835,0.388,1.41,0.394,3.58,2.907,2.815,1.671,6.656,12.43
2024-10-01,4.168,2.315,4.425,0.435,1.45,0.359,4.059,3.07,2.969,1.839,6.692,12.898
2024-11-01,4.16,1.946,4.2305,0.589,1.37,0.126,3.98,3.035,2.668,1.666,6.67,14.06
2024-12-01,4.236,2.071,4.3665,0.605,1.08,0.004,3.882,2.934,2.765,2.062,6.67,15.785
2025-01-01,4.205,2.111,4.21,0.723,1.25,0.1,3.825,2.647,2.644,1.855,6.6,15.055
2025-02-01,3.985,2.008,4.1745,0.808,1.42,0.152,3.743,2.57,2.657,1.962,6.55,15.035
2025-03-01,3.886,2.026,4.189,0.835,1.45,0.116,3.683,2.467,2.654,2.186,6.41,15.084
2025-04-01,3.621,1.697,3.804,0.675,1.456,-0.059,3.27,2.483,2.323,1.846,6.007,13.865
2025-05-01,3.914,1.787,4.025,0.748,1.477,-0.215,3.322,2.59,2.352,1.87,5.678,14.015
2025-06-01,3.721,1.857,3.82,0.75,1.371,-0.089,3.226,2.594,2.408,1.7,5.757,13.875
2025-07-01,3.951,1.947,3.87,0.823,1.442,-0.117,3.359,2.774,2.401,1.949,5.716,13.955
2025-08-01,3.623,1.944,3.951,0.873,1.417,-0.089,3.348,2.64,2.354,1.862,5.833,13.585
2025-09-01,3.604,2.021,3.991,0.944,1.438,-0.105,3.512,2.474,2.525,1.91,5.722,13.64
2025-10-01,3.606,1.985,3.769,0.917,1.425,-0.148,3.574,2.399,2.635,1.938,5.734,13.43
2025-11-01,3.491,2.03,3.744,0.973,1.423,-0.125,3.821,2.422,2.846,2.057,5.733,13.108
2025-12-01,3.469,2.123,3.714,1.174,1.343,-0.036,4.064,2.59,2.794,2.103,5.752,13.284
2026-01-01,3.527,2.067,3.722,1.233,1.383,-0.132,4.2,2.557,2.938,1.999,5.851,12.72
2026-02-01,3.379,2.009,3.52,1.231,1.38,-0.15,4.194,2.393,2.822,1.866,5.659,12.615
2026-03-01,3.799,2.622,4.411,1.351,1.268,0.079,4.66,2.826,3.481,2.408,6.387,13.82
2026-04-01,3.885,2.632,4.466,1.379,1.285,0.141,4.794,2.961,3.476,2.408,6.209,13.74
2026-05-01,4.057,2.648,4.366,1.447,1.258,0.202,4.673,2.946,3.597,2.341,6.501,13.815
