Date,CPIUSD,CPIEUR,CPIGBP,CPIJPY,CPICHINA,CPICHF,CPIAUD,CPICAD,CPIKRW,CPISEK,CPIINDIA,CPIBRL
01/01/2010,217.488,71.15,88.8,96.61491,85.89341999999999,101.4975,88.41421,90.94022,89.9748842823397,95.36109,65.79535,70.5368
01/02/2010,217.281,71.37,89.0,96.61491,86.92914,101.6453,88.41421,91.33527,90.1562023699609,95.93553,65.03028,71.0869
01/03/2010,217.353,72.16,89.4,96.81853,86.31617,101.7846,88.41421,91.33527,90.3385746325102,96.16531,65.03028,71.45649
01/04/2010,217.403,72.45,89.9,96.81853,86.49231,102.6545,88.97144,91.65131,90.7022649826808,96.17808,65.03028,71.86391
01/05/2010,217.29,72.54,90.1,96.81853,86.40776,102.5486,88.97144,91.88834,90.7939782014194,96.3568,65.79535,72.17294
01/06/2010,217.199,72.54,90.2,96.61491,85.88638,102.1021,88.97144,91.80933,90.7022649826808,96.37275,66.56041,72.17294
01/07/2010,217.605,72.23,90.0,96.10588,86.23161999999999,101.3561,89.62154,92.28338,90.8846372452301,96.07595,68.09053,72.18014000000001
01/08/2010,217.923,72.37,90.4,96.20769,86.74595,101.342,89.62154,92.20437,91.3410949890674,96.08234,68.09053,72.20891
01/09/2010,218.275,72.6,90.4,96.4113,87.26733,101.3185,89.62154,92.36239,92.0684756894084,96.89294,68.47306,72.53372
01/10/2010,219.035,72.81,90.6,96.71672,87.8803,101.8576,89.99303,92.75744,92.0684756894084,97.20251,69.23813,73.0778
01/11/2010,219.59,72.88,90.9,96.4113,88.84555,102.1022,89.99303,92.83645,91.6141262954273,97.52483,69.62066,73.68427
01/12/2010,220.472,73.32,91.7,96.20769,89.28943000000001,102.1384,89.99303,92.83645,91.9778166455978,98.21098,70.76825,74.14853000000001
01/01/2011,221.187,72.8,91.8,96.10588,90.18423,101.7802,91.29324,93.07348,93.0709960459656,97.70355,71.91584,74.76406
01/02/2011,221.898,73.11,92.3,96.10588,91.33717,102.1638,91.29324,93.31051,93.707717702496,98.30033,70.76825,75.36218000000001
01/03/2011,223.046,74.09,92.6,96.30949,91.15383,102.8068,91.29324,94.33763,94.0724622275946,98.96733,70.76825,75.95753
01/04/2011,224.093,74.51,93.3,96.4113,91.2455,102.9202,92.12909,94.65367,94.1641754463333,99.39178,71.15078000000001,76.54243000000001
01/05/2011,224.806,74.52,93.5,96.4113,91.33717,102.927,92.12909,95.28575,94.3454935339546,99.57688,71.53331,76.90228
01/06/2011,224.806,74.51,93.5,96.30949,91.61217,102.6783,92.12909,94.65367,94.5278657965038,99.34072,72.29838000000001,77.01759
01/07/2011,225.395,74.09,93.5,96.30949,92.01405,101.8345,92.68633,94.81169,94.983269365413,99.29285,73.8285,77.14079
01/08/2011,226.106,74.22,93.9,96.4113,92.27545,101.5368,92.68633,95.04872,95.6210451968716,99.32476,74.21103000000001,77.42616
01/09/2011,226.597,74.77,94.5,96.4113,92.71113,101.8107,92.68633,95.28575,95.5293319781329,100.0205,75.35862,77.83659
01/10/2011,226.75,75.03,94.5,96.51311,92.79826,101.743,92.68633,95.44377,95.3480138905116,100.0237,75.74116,78.17139
01/11/2011,227.169,75.09,94.7,95.90227,92.62399,101.5654,92.68633,95.52278,95.4386729343223,100.2598,76.12369,78.57786999999999
01/12/2011,227.223,75.34,95.0,96.00407,92.88539,101.4084,92.68633,94.96971,95.8023632844928,100.4577,75.35862,78.97067
01/01/2012,227.842,74.74,94.7,96.20769,94.27955,100.9767,92.7792,95.36476,96.1850287833679,99.52263,75.74116,79.41289
01/02/2012,228.329,75.11,95.2,96.4113,94.19241,101.2612,92.7792,95.75981,96.5497733084665,100.1832,76.12369,79.77019
01/03/2012,228.807,76.08,95.4,96.81853,94.36668,101.8257,92.7792,96.15486,96.5771818565953,100.4641,76.88875,79.9377
01/04/2012,229.187,76.43,95.9,96.92033,94.27955,101.9018,93.24356,96.54991,96.567694282243,100.6843,78.41887,80.44929
01/05/2012,228.713,76.33,95.9,96.61491,94.01814,101.8837,93.24356,96.4709,96.7405789704401,100.6013,78.8014,80.73884
01/06/2012,228.524,76.27,95.6,96.10588,93.49534,101.5963,93.24356,96.07585,96.6035362297961,100.3524,79.56647,80.80334
01/07/2012,228.59,75.87,95.7,95.80046,93.58247,101.1073,94.54376,95.99684,96.3853220196938,99.96304,81.09659,81.15089
01/08/2012,229.918,76.16,96.1,96.00407,94.193,101.0768,94.54376,96.23387,96.8312380142507,100.0652,81.86165,81.4836
01/09/2012,231.015,76.72,96.4,96.10588,94.48211,101.3918,94.54376,96.39189,97.5238309419668,100.4673,82.24418,81.94808
01/10/2012,231.638,76.9,96.8,96.10588,94.38338,101.517,94.72951,96.54991,97.3414586794175,100.3971,83.00925,82.43159
01/11/2012,231.249,76.74,97.0,95.80046,94.54095,101.1842,94.72951,96.31288,96.9956893030235,100.1513,83.39178000000001,82.92625
01/12/2012,231.221,77.02,97.3,95.80046,95.23661,100.9679,94.72951,95.75981,97.1685739912205,100.4034,83.77431,83.58145
01/01/2013,231.679,76.22,97.0,95.90227,96.18855,100.7043,95.101,95.83882,97.7515327264214,99.5705,84.53936999999999,84.30022
01/02/2013,232.937,76.5,97.5,95.69865,97.24627,101.0018,95.101,96.94495,98.0783269541109,100.0141,85.30443000000001,84.80601
01/03/2013,232.282,77.4,97.8,95.90227,96.37189,101.2213,95.101,97.10297,97.9876679103003,100.4162,85.68696,85.20461
01/04/2013,231.797,77.33,98.0,96.20769,96.56242,101.2553,95.47249,96.94495,97.8516793445843,100.2183,86.45203000000001,85.67327
01/05/2013,231.893,77.41,98.2,96.30949,95.98406,101.3667,95.47249,97.18198,97.8516793445843,100.3811,87.21709,85.9902
01/06/2013,232.445,77.5,98.0,96.30949,95.98406,101.4664,95.47249,97.18198,97.7325575777168,100.2056,88.36468,86.21386
01/07/2013,232.9,77.08,98.0,96.51311,96.07897,101.1045,96.58695,97.26099,97.942338388395,100.0652,89.89480999999999,86.23961
01/08/2013,233.456,77.18,98.4,96.81853,96.56228,101.0317,96.58695,97.26099,98.289161939717,100.1577,90.65987,86.44655999999999
01/09/2013,233.544,77.55,98.7,97.12395,97.33187,101.3356,96.58695,97.41901,98.4799676016906,100.5439,91.0424,86.74911
01/10/2013,233.669,77.46,98.8,97.22575,97.4296,101.2579,97.32993,97.18198,98.1795277472018,100.3364,92.18999,87.24353
01/11/2013,234.1,77.39,98.8,97.22575,97.3318,101.2649,97.32993,97.18198,98.1605525984973,100.2726,92.95506,87.71474
01/12/2013,234.719,77.67,99.2,97.32757,97.6238,101.0356,97.32993,96.94495,98.2796743653647,100.5407,91.42493,88.52168
01/01/2014,235.288,76.8,98.7,97.22575,98.6,100.7592,97.88716,97.26099,98.8078160043081,99.37582,90.65987,89.00845
01/02/2014,235.547,77.04,99.1,97.22575,99.1,100.8593,97.88716,98.05109,99.0713597363157,99.79389,91.0424,89.62258
01/03/2014,236.028,77.76,99.3,97.42937,98.6,101.2241,97.88716,98.60416,99.253731998865,99.78751,91.42493,90.44715
01/04/2014,236.468,77.88,99.6,99.46552,98.2,101.2938,98.35152,98.9202,99.3180366694749,100.1737,92.57253,91.05317
01/05/2014,236.918,77.79,99.6,99.87274,98.3,101.5906,98.35152,99.39426,99.4814337833196,100.2247,93.33759,91.47195
01/06/2014,237.231,77.88,99.8,99.77094,98.2,101.5167,98.35152,99.47327,99.3538786170279,100.4322,94.10265,91.83783
01/07/2014,237.498,77.37,99.6,99.87274,98.2,101.1368,98.81588,99.31525,99.4993547570961,100.1035,96.39783,91.84711
01/08/2014,237.46,77.46,99.9,100.0764,98.4,101.1042,98.81588,99.31525,99.6732936202212,100.0013,96.78036,92.07681
01/09/2014,237.477,77.8,100.0,100.28,98.9,101.2468,98.81588,99.39426,99.6089889496113,100.1609,96.78036,92.60162
01/10/2014,237.43,77.75,100.1,99.97455,98.9,101.245,99.00163,99.47327,99.3085490951226,100.2151,96.78036,92.99047
01/11/2014,236.983,77.61,99.9,99.66913,98.6,101.2055,99.00163,99.07822,99.1082558587968,100.0684,96.78036,93.4647
01/12/2014,236.252,77.54,99.9,99.66913,99.0,100.7038,99.00163,98.36713,99.0987682844445,100.2247,96.78036,94.19368
01/01/2015,234.747,76.34,99.2,99.56732,99.3,100.2702,99.18737,98.20911,99.7702777136,99.17158,97.1629,95.36163
01/02/2015,235.342,76.81,99.5,99.36371,100.5,100.0125,99.18737,99.07822,99.7112439176303,99.86729,96.78036,96.52494
01/03/2015,235.976,77.71,99.6,99.66913,99.9,100.3387,99.18737,99.78931,99.7207314919826,99.95027,97.1629,97.79915
01/04/2015,236.222,78.04,99.9,100.1782,99.7,100.1567,99.83747,99.7103,99.7513025648954,99.9407,97.92796,98.49356
01/05/2015,237.001,78.26,100.1,100.4836,99.5,100.3899,99.83747,100.2634,100.030658920824,100.2854,98.69302,99.22231
01/06/2015,237.657,78.27,100.1,100.1782,99.5,100.4636,99.83747,100.5004,100.050688244456,99.99495,99.84061,100.0063
01/07/2015,238.034,77.79,100.0,100.0764,99.9,99.84627,100.3018,100.5794,100.230952157149,100.0269,100.6057,100.6262
01/08/2015,238.033,77.79,100.3,100.1782,100.4,99.68618,100.3018,100.5794,100.371157422577,99.82899,100.9882,100.8476
01/09/2015,237.498,77.96,100.2,100.28,100.5,99.78522,100.3018,100.4214,100.110776215354,100.2279,101.7533,101.3921
01/10/2015,237.733,78.05,100.3,100.28,100.1,99.86822,100.6733,100.5004,100.110776215354,100.3013,102.9009,102.2234
01/11/2015,238.017,77.72,100.3,99.87274,100.1,99.79624,100.6733,100.4214,99.9210247283084,100.129,103.2834,103.2558
01/12/2015,237.761,77.73,100.4,99.87274,100.6,99.38626,100.6733,99.94733,100.220410407869,100.2758,102.9009,104.247
01/01/2016,237.652,76.58,99.9,99.46552,101.1,99.00013,100.4876,100.1844,100.39118674621,99.93112,102.9009,105.5709
01/02/2016,237.336,76.71,100.1,99.56732,102.7,99.18388,100.4876,100.4214,100.821290116846,100.2534,102.1358,106.521
01/03/2016,238.08,77.67,100.4,99.66913,102.2,99.47507,100.4876,101.0535,100.560908909623,100.7513,102.5183,106.9789
01/04/2016,238.992,77.84,100.6,99.87274,102.0,99.80416,100.8591,101.3695,100.750660396668,100.7322,103.6659,107.6316
01/05/2016,239.557,78.16,100.8,99.97455,101.6,99.94821,100.8591,101.7645,100.810748367566,100.9141,105.196,108.471
01/06/2016,240.222,78.3,101.0,99.87274,101.4,100.0878,100.8591,102.0016,100.790719043934,101.0194,105.9611,108.8506
01/07/2016,240.101,77.92,100.9,99.66913,101.6,99.64368,101.602,101.8436,100.600967556888,101.08,107.1087,109.4167
01/08/2016,240.545,77.97,101.2,99.66913,101.7,99.54354,101.602,101.6855,100.860294589184,100.9683,106.3436,109.8981
01/09/2016,241.176,78.27,101.5,99.77094,102.4,99.60408,101.602,101.7645,101.461174298161,101.1375,105.9611,109.9861
01/10/2016,241.741,78.45,101.6,100.3818,102.3,99.65571,102.1593,102.0016,101.600325388661,101.4853,106.3436,110.2721
01/11/2016,242.026,78.17,101.8,100.3818,102.4,99.45873,102.1593,101.6065,101.450632548881,101.5172,105.9611,110.4707
01/12/2016,242.637,78.58,102.2,100.1782,102.6,99.37955,102.1593,101.4485,101.561320916324,102.0215,105.196,110.802
01/01/2017,243.618,77.91,101.8,99.97455,103.7,99.34556,102.6236,102.3176,102.640796042627,101.3257,104.8135,111.2231
01/02/2017,244.006,78.21,102.4,99.87274,103.5,99.82462,102.6236,102.4756,102.921206573483,102.0374,104.8135,111.5902
01/03/2017,243.892,78.87,102.7,99.87274,103.2,100.0399,102.6236,102.6337,102.850576853305,102.0215,105.196,111.8691
01/04/2017,244.193,79.31,103.2,100.28,103.2,100.2411,102.8094,103.0287,102.720913337158,102.6151,105.9611,112.0257
01/05/2017,244.004,79.25,103.5,100.3818,103.3,100.4274,102.8094,103.1077,102.830547529673,102.6789,106.3436,112.373
01/06/2017,244.163,79.32,103.5,100.28,103.1,100.2852,102.8094,103.0287,102.611279144642,102.7523,107.1087,112.1145
01/07/2017,244.243,78.96,103.5,100.0764,103.0,99.97176,103.4595,103.0287,102.781001308055,103.3012,109.0214,112.3837
01/08/2017,245.183,79.17,104.0,100.28,103.5,100.0041,103.4595,103.1077,103.370285092824,103.1384,109.0214,112.5971
01/09/2017,246.435,79.49,104.3,100.5854,104.1,100.2535,103.4595,103.3447,103.49046103462,103.2789,109.0214,112.7772
01/10/2017,246.626,79.53,104.4,100.5854,104.2,100.3144,104.1096,103.4238,103.390314416457,103.2023,109.7864,113.2509
01/11/2017,247.284,79.36,104.7,100.8908,104.2,100.2415,104.1096,103.7398,102.620766718995,103.4129,110.169,113.5681
01/12/2017,247.805,79.64,105.0,101.1962,104.5,100.213,104.1096,103.3447,102.990782118733,103.7927,109.4039,114.0678
01/01/2018,248.859,78.92,104.5,101.298,105.2,100.0809,104.574,104.0558,103.42088548937,102.9246,110.169,114.3987
01/02/2018,249.529,79.09,104.9,101.298,106.5,100.4516,104.574,104.6879,104.210462510465,103.6778,109.7864,114.7648
01/03/2018,249.577,79.97,105.1,100.9926,105.3,100.8356,104.574,105.004,104.10082831795,103.9618,109.7864,114.8681
01/04/2018,250.227,80.29,105.5,100.8908,105.1,101.0462,104.9454,105.32,104.290579804995,104.3895,110.169,115.1207
01/05/2018,250.792,80.79,105.9,101.0944,104.9,101.4309,104.9454,105.399,104.341180201541,104.632,110.5515,115.5813
01/06/2018,251.018,80.88,105.9,100.9926,104.9,101.4351,104.9454,105.557,104.130345215935,104.8745,111.3165,117.0376
01/07/2018,251.214,80.7,105.9,100.9926,105.2,101.2017,105.4098,106.1101,103.931106154537,105.4203,115.1419,117.4239
01/08/2018,251.663,80.82,106.5,101.6035,105.9,101.1853,105.4098,106.0311,104.850346691779,105.1969,115.1419,117.3183
01/09/2018,252.182,81.14,106.6,101.7053,106.6,101.2455,105.4098,105.636,105.650465462155,105.6788,115.1419,117.8814
01/10/2018,252.772,81.34,106.7,102.0107,106.8,101.4245,105.967,105.9521,105.460713975109,105.5447,115.5244,118.4118
01/11/2018,252.594,80.89,106.9,101.8071,106.4,101.1657,105.967,105.478,104.711195601279,105.4426,115.5244,118.1631
01/12/2018,252.767,80.85,107.1,101.5017,106.5,100.906,105.967,105.399,104.350667775893,105.9117,115.1419,118.3403
01/01/2019,252.561,80.01,106.4,101.5017,107.0,100.6415,105.967,105.557,104.241033583378,104.8554,117.437,118.719
01/02/2019,253.319,80.27,106.8,101.5017,108.1,101.0328,105.967,106.2681,104.691166277647,105.6405,117.437,119.2294
01/03/2019,254.277,81.09,107.0,101.5017,107.7,101.5708,105.967,106.9792,104.490873041321,105.8862,118.2021,120.1236
01/04/2019,255.233,81.67,107.6,101.8071,107.8,101.7617,106.6171,107.4533,104.870376015412,106.6266,119.3497,120.8083
01/05/2019,255.296,81.78,107.9,101.8071,107.8,102.0742,106.6171,107.9273,105.050639928105,106.8947,120.1148,120.9653
01/06/2019,255.213,81.91,107.9,101.6035,107.7,102.0439,106.6171,107.6903,104.880917764692,106.7415,120.8798,120.9774
01/07/2019,255.802,81.52,108.0,101.6035,108.1,101.5173,107.1744,108.2433,104.560448586571,107.1659,122.0274,121.2073
01/08/2019,256.036,81.64,108.3,101.8071,108.9,101.507,107.1744,108.0853,104.811342219442,106.716,122.4099,121.3407
01/09/2019,256.43,81.82,108.4,101.9089,109.8,101.3957,107.1744,107.6113,105.200332767886,107.2138,123.175,121.2922
01/10/2019,257.155,81.93,108.3,102.2143,110.8,101.1677,107.9173,107.9273,105.460713975109,107.2425,124.3226,121.4136
01/11/2019,257.879,81.67,108.5,102.3161,111.2,101.033,107.9173,107.7693,104.870376015412,107.3447,125.4702,122.0328
01/12/2019,258.63,81.93,108.5,102.3161,111.2,101.0632,107.9173,107.7693,105.121269648283,107.7659,126.2353,123.4363
01/01/2020,259.127,81.1,108.3,102.3161,112.8,100.8451,108.2888,108.0853,105.512368546583,106.2149,126.2353,123.6954
01/02/2020,259.25,81.25,108.6,102.1125,113.7,100.97,108.2888,108.5594,105.586160791545,106.7415,125.4702,124.0047
01/03/2020,258.076,81.69,108.6,102.1125,112.3,101.0475,108.2888,107.9273,105.354242307378,106.5628,124.7051,124.0915
01/04/2020,256.032,81.93,108.6,102.0107,111.3,100.68,106.2456,107.2162,104.890405339045,106.2404,125.8527,123.7068
01/05/2020,255.802,81.85,108.6,101.9089,110.4,100.7222,106.2456,107.5323,104.827154843363,106.8819,126.2353,123.2367
01/06/2020,257.042,82.13,108.8,101.7053,110.4,100.7431,106.2456,108.4014,105.111782073931,107.4978,127.0003,123.5571
01/07/2020,258.352,81.84,109.2,101.8071,110.0,100.5834,107.9173,108.4014,105.027448079689,107.7308,128.5304,124.0019
01/08/2020,259.316,81.5,108.8,101.9089,111.5,100.6277,107.9173,108.2433,105.617786039386,107.5712,129.2955,124.2996
01/09/2020,259.997,81.56,109.2,101.7053,111.7,100.5846,107.9173,108.1643,106.197582249803,107.6351,130.1179,125.0951
01/10/2020,260.319,81.71,109.2,101.6035,111.4,100.5908,108.8461,108.6384,105.607244290105,107.5393,131.6603,126.171
01/11/2020,260.911,81.43,109.1,101.298,110.7,100.3412,108.8461,108.7964,105.512368546583,107.5489,132.101,127.2939
01/12/2020,262.045,81.7,109.4,101.0944,111.5,100.2407,108.8461,108.5594,105.76537052931,108.2957,130.8891,129.0124
01/01/2021,262.687,81.84,109.3,101.6035,112.55,100.2961,109.4962,109.1915,106.513834728212,107.8968,130.22799999999998,129.3349
01/02/2021,263.579,82.01,109.4,101.6035,113.2193,100.461,109.4962,109.7445,107.083089189348,108.1904,131.1094,130.4472
01/03/2021,264.961,82.78,109.7,101.7053,112.6615,100.7998,109.4962,110.2976,107.357174670636,108.3595,131.7705,131.6604
01/04/2021,266.614,83.25,110.4,100.8908,112.3269,101.0101,110.332,110.8507,107.504759160561,108.6244,132.3214,132.0685
01/05/2021,268.383,83.47,111.0,101.1962,112.2154,101.2771,110.332,111.4037,107.578551405523,108.8382,132.8723,133.1648
01/06/2021,270.654,83.69,111.4,101.298,111.7692,101.3521,110.332,111.7198,107.578551405523,108.9276,134.0842,133.8705
01/07/2021,271.903,83.61,111.4,101.50382849404828,112.1038,101.2662,111.1679,112.4309,107.799928140409,109.218,135.2961,135.1557
01/08/2021,272.676,83.9,112.1,101.71651793789817,112.2154,101.5149,111.1679,112.6679,108.316473855144,109.7797,135.5165,136.3315
01/09/2021,273.91,84.3,112.4,101.92920738174804,112.2154,101.5325,111.1679,112.9049,108.759227324917,110.3382,135.847,137.9129
01/10/2021,276.55,85.02,113.4,102.13503587579633,112.9962,101.84,112.6538,113.695,108.948978811962,110.5615,137.6098,139.6367
01/11/2021,278.919,85.4,114.1,102.34772531964622,113.4424,101.8792,112.6538,113.9321,109.497149774538,111.069,138.4912,140.9634
01/12/2021,280.845,85.76,114.7,102.55355381369449,113.1077,101.7755,112.6538,113.774,109.676359512304,112.4859,138.1607,141.9924
01/01/2022,282.543,86.02,114.6,102.76624325754439,113.6655,101.9498,115.0685,114.8012,110.361573215523,111.8764,137.8302,142.7592
01/02/2022,284.5,86.83,115.4,103.05148896652047,114.3347,102.6218,115.0685,115.9863,111.004619921622,112.8338,137.72,144.2011
01/03/2022,287.674,88.94,116.5,103.30913025204724,114.3347,103.205,115.0685,117.6455,111.805792866925,114.8252,138.8218,146.5372
01/04/2022,288.561,89.45,119.0,103.59437596102332,114.7809,103.5838,117.1117,118.3566,112.63859106007,115.5337,140.6947,148.0906
01/05/2022,291.298,90.19,119.7,103.87042019551629,114.5578,104.2572,117.1117,120.0158,113.387055258971,116.7464,142.127,148.7866
01/06/2022,294.957,90.92,120.5,104.15566590449237,114.5578,104.7828,117.1117,120.8059,114.082810711471,118.3836,142.3474,149.7836
01/07/2022,294.913,91.02,121.2,104.43171013898534,115.1156,104.7431,119.2477,120.9639,114.630981674047,118.4889,143.1186,148.765
01/08/2022,295.097,91.58,121.8,104.71695584796142,115.004,105.0193,119.2477,120.5689,114.504480682684,120.5729,143.4492,148.2295
01/09/2022,296.349,92.67,122.3,105.0022015569375,115.3387,104.8348,119.2477,120.6479,114.831274910373,122.2962,144.6611,147.7996
01/10/2022,298.007,94.05,124.3,105.27824579143046,115.4502,104.8911,121.4767,121.517,115.126443890222,122.5611,145.9832,148.6718
01/11/2022,298.786,93.98,124.8,105.56349150040654,115.2271,104.8951,121.4767,121.675,115.010484648138,123.8025,145.9832,149.2813
01/12/2022,298.832,93.65,125.3,105.83953573489951,115.1156,104.6662,121.4767,120.9639,115.200236135184,126.3652,145.7628,150.2068
01/01/2023,300.42,93.45,124.8,106.12478144387559,116.0079,105.2963,123.1484,121.596,116.064659576169,124.9418,146.3137,151.0028
01/02/2023,301.45,94.21,126.0,106.3716150124907,115.4502,106.082,123.1484,122.0701,116.359828556018,126.3205,146.2036,152.2712
01/03/2023,301.821,95.06,126.8,106.5945614615624,115.1156,106.2447,123.1484,122.7021,116.549580043063,127.0417,146.8646,153.3524
01/04/2023,302.845,95.66,128.3,106.84139503017752,114.8925,106.2411,124.17,123.5712,116.80258202579,127.6321,147.8562,154.2878
01/05/2023,303.334,95.69,129.1,107.0802662256115,114.7809,106.5078,124.17,124.0453,117.15045975204,128.0343,148.4071,154.6426
01/06/2023,304.014,95.93,129.4,107.32709979422661,114.5578,106.5755,124.17,124.2033,117.13991800276,129.4065,150.2801,154.5189
01/07/2023,304.609,95.83,129.0,107.56597098966058,114.7809,106.4244,125.6559,124.9144,117.224251997003,129.464,153.9159,154.7043
01/08/2023,306.082,96.35,129.4,107.8128045582757,115.1156,106.6516,125.6559,125.3885,118.415469665677,129.5597,153.365,155.0602
01/09/2023,307.276,96.67,130.1,108.0596381268908,115.3387,106.5695,125.6559,125.2304,119.111225118177,130.2235,151.49200000000002,155.4635
01/10/2023,307.696,96.75,130.2,108.29850932232479,115.2271,106.6673,126.3989,125.3095,119.511811590829,130.549,152.4836,155.8365
01/11/2023,308.148,96.21,130.0,108.54534289093989,114.6694,106.4094,126.3989,125.4675,118.84768138617,130.9575,153.2548,156.2729
01/12/2023,308.741,96.37,130.5,108.78421408637386,114.7809,106.4612,126.3989,125.0724,119.07017390011089,131.9118,152.9243,157.1481
01/01/2024,309.698,96.03,130.0,109.03104765498898,115.004,106.6427,127.6062,125.0724,119.30008283118316,131.7203,153.0345,157.8082
01/02/2024,310.967,96.63,130.8,109.03104765498898,116.231,107.3215,127.6062,125.4675,119.30008283118316,132.0458,153.365,159.1179
01/03/2024,312.345,97.35,131.6,109.03104765498898,115.2271,107.3549,127.6062,126.2576,119.30008283118316,132.2054,153.0345,159.3724
01/04/2024,313.023,97.91,132.2,109.03104765498898,115.1156,107.6943,128.9064,126.8896,119.30008283118316,132.6011,153.5853,159.9779
01/05/2024,313.175,98.13,132.7,109.03104765498898,115.1156,107.9883,128.9064,127.6007,119.30008283118316,132.8181,154.1362,160.7139
01/06/2024,313.044,98.33,133.0,109.03104765498898,114.7809,107.9909,128.9064,127.5217,119.30008283118316,132.716,155.7889,161.0515
01/07/2024,313.569,98.3,132.9,109.03104765498898,115.3387,107.7979,129.185,128.0748,119.30008283118316,132.8309,157.2212,161.6635
01/08/2024,314.062,98.43,133.4,109.03104765498898,115.7848,107.7825,129.185,127.8378,119.30008283118316,132.0522,157.111,161.6313
01/09/2024,314.732,98.34,133.5,109.03104765498898,115.7848,107.4679,129.185,127.2847,119.30008283118316,132.3043,157.8822,162.3424
01/10/2024,315.631,98.68,134.3,109.03104765498898,115.5617,107.3318,129.4637,127.8378,119.30008283118316,132.6043,159.2043,163.2514
01/11/2024,316.528,98.36,134.6,109.03104765498898,114.8925,107.187,129.4637,127.8378,119.30008283118316,133.0,159.2043,163.888
01/12/2024,317.604,98.71,135.1,109.03104765498898,114.8925,107.1281,129.4637,127.3637,119.30008283118316,132.9872,158.3229,164.7402
01/01/2025,318.961,98.43,135.1,109.03104765498898,115.5617,107.0709,130.671,127.4427,119.30008283118316,132.9426,157.77200000000002,165.0038
01/02/2025,319.679,98.85,135.6,109.03104765498898,115.3387,107.6701,130.671,128.7859,119.30008283118316,133.7436,157.3313,167.1655
01/03/2025,319.785,99.46,136.1,109.03104765498898,115.1156,107.7224,130.671,129.1809,119.30008283118316,132.8245,157.5517,168.1016
01/04/2025,320.302,100.02,136.1,109.03104765498898,115.0297,107.7312,130.671,129.1809,119.30008283118316,132.8245,157.5517,168.8246
01/05/2025,320.62,99.96,136.1,109.03104765498898,115.0297,107.7312,130.671,129.1809,119.30008283118316,132.8245,157.5517,168.8246
01/06/2025,321.435,100.26,136.1,109.03104765498898,115.0297,107.7312,130.671,129.1809,119.30008283118316,132.8245,157.5517,168.8246
01/07/2025,322.169,100.28,136.1,109.03104765498898,115.0297,107.7312,130.671,129.1809,119.30008283118316,132.8245,157.5517,168.8246
01/08/2025,323.291,100.42,136.1,109.03104765498898,115.0297,107.7312,130.671,129.1809,119.30008283118316,132.8245,157.5517,168.8246
01/09/2025,324.245,100.52,136.1,109.03104765498898,115.0297,107.7312,130.671,129.1809,119.30008283118316,132.8245,157.5517,168.8246
01/10/2025,324.245,100.73,136.1,109.03104765498898,115.0297,107.7312,130.671,129.1809,119.30008283118316,132.8245,157.5517,168.8246
01/11/2025,325.063,100.44,136.1,109.03104765498898,115.0297,107.7312,130.671,129.1809,119.30008283118316,132.8245,157.5517,168.8246
01/12/2025,326.031,100.62,136.1,109.03104765498898,115.0297,107.7312,130.671,129.1809,119.30008283118316,132.8245,157.5517,168.8246
01/01/2026,326.588,100.04,136.1,109.03104765498898,115.0297,107.7312,130.671,129.1809,119.30008283118316,132.8245,157.5517,168.8246
01/02/2026,327.46,100.7,136.1,109.03104765498898,115.0297,107.7312,130.671,129.1809,119.30008283118316,132.8245,157.5517,168.8246
01/03/2026,330.293,101.98,136.1,109.03104765498898,115.0297,107.7312,130.671,129.1809,119.30008283118316,132.8245,157.5517,168.8246
01/04/2026,332.407,103.02,136.1,109.03104765498898,115.0297,107.7312,130.671,129.1809,119.30008283118316,132.8245,157.5517,168.8246
01/05/2026,332.407,103.02,136.1,109.03104765498898,115.0297,107.7312,130.671,129.1809,119.30008283118316,132.8245,157.5517,168.8246
