Date,RATEUSD,RATEEUR,RATEGBP,RATEJPY,RATECHF,RATEAUD,RATECAD,RATESEK,RATEKRW,RATEINDIA,RATEBRL,RATECHINA
01/01/2010,0.11,0.67975,0.61265,0.45,0.0903594,4.2,0.1725,0.2,2.88,6.0,15.1684699768,1.85
01/02/2010,0.13,0.6617,0.6331,0.44,0.09874325,4.16,0.165,0.22,2.88,6.0,15.169,1.94
01/03/2010,0.16,0.64495652173913,0.64549,0.43,0.0957777272727273,4.33,0.228,0.23,2.83,6.0,15.169,1.91
01/04/2010,0.2,0.6447,0.65592,0.4,0.0879435,4.55,0.3375,0.29,2.51,6.0,15.2456058441,1.73
01/05/2010,0.2,0.68652380952381,0.69713,0.39,0.08190975,4.81,0.39,0.28,2.45,6.0,15.9534,2.02
01/06/2010,0.18,0.727590909090909,0.72839,0.38,0.11774075,4.89,0.522,0.27,2.45,6.0,16.5328139032,3.69
01/07/2010,0.18,0.848818181818182,0.73603,0.37,0.18285119047619,4.84,0.575,0.39,2.58,6.0,16.9379760884,2.48
01/08/2010,0.19,0.8955,0.73296,0.36,0.20656935,4.74,0.66,0.45,2.63,6.0,17.2996,2.44
01/09/2010,0.19,0.8805,0.72859,0.36,0.213812095238095,4.82,0.85,0.52,2.66,6.0,17.2996,2.56
01/10/2010,0.19,0.997666666666667,0.7384,0.34,0.24791775,4.81,0.895,0.81,2.66,6.0,17.2996,2.75
01/11/2010,0.19,1.04204545454545,0.73901,0.34,0.18600105,5.01,0.9525,1.11,2.73,6.0,17.2996,3.38
01/12/2010,0.18,1.02169565217391,0.74962,0.34,0.191368111111111,5.03,0.994,1.28,2.8,6.0,17.2996,4.94
01/01/2011,0.17,1.0172380952381,0.76866,0.34,0.15081019047619,4.96,0.9625,1.49,2.93,6.0,17.5042499342,4.98
01/02/2011,0.16,1.08675,0.79962,0.34,0.13954275,4.92,0.9525,1.74,3.13,6.0,17.8396699774,4.84
01/03/2011,0.14,1.17552173913043,0.80913,0.33615,0.155124173913043,4.92,0.926,1.74,3.35,6.0,18.3196212771,4.02
01/04/2011,0.1,1.32121052631579,0.82096,0.33286,0.139454111111111,4.9,0.965,1.8,3.4,6.0,18.4398793977,3.94
01/05/2011,0.09,1.42509090909091,0.82344,0.33214,0.119449863636364,5.0,0.9625,1.91,3.46,6.0,18.6352,4.24
01/06/2011,0.09,1.48859090909091,0.82512,0.33214,0.10205965,4.99,0.928,1.85,3.53,6.0,18.8244253699,5.91
01/07/2011,0.07,1.59761904761905,0.8289,0.33214,0.0909554761904762,4.96,0.9225,1.8,3.59,6.0,18.9884677899,5.89
01/08/2011,0.1,1.55208695652174,0.85782,0.32857,-0.0675968,4.86,0.874,1.71,3.59,6.0,19.162895572,5.19
01/09/2011,0.08,1.53645454545455,0.9181,0.32929,-0.0610702727272727,4.81,0.8725,1.58,3.58,6.0,18.614,5.69
01/10/2011,0.07,1.57585714285714,0.96991,0.32929,-0.0933598947368421,4.72,0.8625,1.45,3.58,6.0,18.4011860646,5.67
01/11/2011,0.08,1.48468181818182,1.01182,0.32929,-0.0653187,4.62,0.882,1.45,3.56,6.0,18.084,5.73
01/12/2011,0.07,1.42609523809524,1.06148,0.32929,0.08,4.51,0.83,1.37,3.55,6.0,17.5544817974,5.57
01/01/2012,0.08,1.22222727272727,1.08709,0.33077,0.0402932857142857,4.41,0.825,1.56,3.55,6.0,17.2607346126,6.8
01/02/2012,0.1,1.04828571428571,1.07249,0.33167,0.0178765,4.37,0.918,1.59,3.53,7.75,16.9135360168,5.36
01/03/2012,0.13,0.858454545454546,1.03757,0.33167,0.05129925,4.44,0.915,1.49,3.54,9.5,16.2395834861,4.72
01/04/2012,0.14,0.744315789473684,1.01792,0.33167,0.0136988333333333,4.2,0.9825,1.44,3.54,9.25,15.7370018603,4.37
01/05/2012,0.16,0.684909090909091,1.005,0.33167,-0.0154980555555556,3.66,0.988,1.38,3.54,9.0,15.2421915287,4.04
01/06/2012,0.16,0.658857142857143,0.94978,0.33455,-0.0573110588235294,3.49,0.8825,1.24,3.54,9.0,14.8939299768,3.7
01/07/2012,0.16,0.497045454545455,0.81735,0.32727,-0.173395066666667,3.55,0.8875,1.1,3.34,9.0,14.5558437999,3.46
01/08/2012,0.13,0.332391304347826,0.70481,0.32727,-0.207230666666667,3.62,1.002,1.15,3.19,9.0,14.317215249,3.59
01/09/2012,0.14,0.2463,0.64803,0.32727,-0.150658058823529,3.49,1.0075,1.04,3.14,9.0,13.8334,4.12
01/10/2012,0.16,0.207913043478261,0.54397,0.32636,-0.06339775,3.16,0.976,0.98,2.93,9.0,13.6646921827,3.78
01/11/2012,0.16,0.192,0.52452,0.31818,-0.144987368421053,3.24,0.97,1.06,2.85,9.0,13.5684,3.82
01/12/2012,0.16,0.185473684210526,0.51848,0.30818,-0.051343,3.11,0.945,1.01,2.88,9.0,13.5869345322,3.97
01/01/2013,0.14,0.204909090909091,0.51228,0.29182,-0.1080856,3.0,0.92,0.96,2.86,9.0,13.5366,3.77
01/02/2013,0.15,0.22335,0.50988,0.26909,-0.0634238666666667,2.94,0.9475,0.98,2.83,8.75,13.5595578068,3.71
01/03/2013,0.14,0.20605,0.50688,0.25,-0.0596407368421053,3.05,0.9625,0.97,2.81,8.65,13.576348819,3.52
01/04/2013,0.15,0.208904761904762,0.50557,0.22818,-0.0647253333333333,3.02,0.9825,0.95,2.8,8.5,13.6945662653,3.63
01/05/2013,0.11,0.201227272727273,0.50563,0.22818,-0.05881175,2.82,0.998,0.92,2.72,8.25,13.8691823138,3.84
01/06/2013,0.09,0.21025,0.50794,0.22818,-0.0602111052631579,2.8,1.025,0.92,2.69,8.25,14.374,6.65
01/07/2013,0.09,0.221434782608696,0.50944,0.228,-0.0558058260869565,2.76,1.012,0.93,2.68,9.25,14.7193741915,5.09
01/08/2013,0.08,0.225863636363636,0.51262,0.228,-0.06065045,2.6,0.9925,0.93,2.66,10.25,14.9520810951,5.4
01/09/2013,0.08,0.223238095238095,0.51688,0.228,-0.0511073157894737,2.58,0.9875,0.89,2.66,9.875,15.434,5.58
01/10/2013,0.09,0.225826086956522,0.51663,0.221,0.0159292,2.58,0.924,0.92,2.66,9.125,15.8024385624,5.14
01/11/2013,0.08,0.223380952380952,0.52344,0.22,-0.0169540555555556,2.58,0.925,0.92,2.65,8.75,16.0168913108,6.43
01/12/2013,0.09,0.2735,0.52474,0.22,0.0174349166666667,2.6,0.9175,0.82,2.65,8.75,16.4934952162,6.96
01/01/2014,0.07,0.292045454545455,0.52093,0.22,-0.0433244,2.62,0.894,0.73,2.65,8.8,16.7827926473,6.76
01/02/2014,0.07,0.2881,0.52153,0.212,-0.04796675,2.63,0.87,0.73,2.65,9.0,17.0504730346,5.14
01/03/2014,0.08,0.305333333333333,0.52157,0.212,-0.0400058571428571,2.65,0.8425,0.73,2.65,9.0,17.289,4.84
01/04/2014,0.09,0.32975,0.52665,0.212,-0.0292094,2.68,0.926,0.7,2.65,9.0,17.5274730792,4.64
01/05/2014,0.09,0.324571428571429,0.52744,0.21,-0.03160255,2.69,0.925,0.66,2.65,9.0,17.554,4.5
01/06/2014,0.1,0.241428571428571,0.54394,0.21,-0.012441,2.7,0.935,0.58,2.65,9.0,17.554,4.59
01/07/2014,0.09,0.20504347826087,0.55641,0.21,0.0333333333333333,2.65,0.948,0.26,2.65,9.0,17.554,4.57
01/08/2014,0.09,0.191571428571429,0.56119,0.21,0.038,2.63,0.95,0.22,2.52,9.0,17.5555142272,4.47
01/09/2014,0.09,0.0970909090909091,0.56291,0.21,0.025,2.66,0.9275,0.19,2.35,9.0,17.554,4.44
01/10/2014,0.09,0.0826086956521739,0.55836,0.192,0.04,2.72,0.894,0.14,2.21,9.0,17.5770197976,4.26
01/11/2014,0.09,0.0809,0.55628,0.182,0.0414285714285714,2.75,0.9025,0.05,2.14,9.0,17.819,4.22
01/12/2014,0.12,0.0809047619047619,0.55818,0.179,0.040234375,2.75,0.902,0.06,2.13,9.0,18.2748,5.22
01/01/2015,0.11,0.0626666666666667,0.5626,0.173,-0.416666666666667,2.7,0.765,0.11,2.13,8.85,18.5292,4.98
01/02/2015,0.11,0.0482,0.56363,0.171,-0.675,2.36,0.5325,-0.02,2.12,8.75,18.879,5.41
01/03/2015,0.11,0.0271818181818182,0.56436,0.17,-0.788842625,2.3,0.5525,-0.11,1.95,8.5,19.336588369,5.18
01/04/2015,0.12,0.0047,0.5695,0.17,-0.685416666666667,2.25,0.618,-0.26,1.81,8.5,19.4380946952,4.1
01/05/2015,0.12,-0.0103684210526316,0.56798,0.169,-0.81541675,2.15,0.6575,-0.27,1.8,8.5,19.939,3.11
01/06/2015,0.13,-0.0139090909090909,0.57188,0.169,-0.767575833333333,2.15,0.61,-0.32,1.7,8.25,20.3931425659,3.35
01/07/2015,0.13,-0.0187391304347826,0.58084,0.169,-0.7443055,2.14,0.47,-0.48,1.65,8.25,20.5149946518,3.21
01/08/2015,0.14,-0.0276666666666667,0.5867,0.169,-0.78125,2.14,0.385,-0.46,1.64,8.25,20.999,3.05
01/09/2015,0.14,-0.0370454545454546,0.58576,0.169,-0.756176166666667,2.17,0.4,-0.48,1.6,8.25,20.999,3.16
01/10/2015,0.12,-0.0535909090909091,0.58006,0.169,-0.845,2.15,0.4025,-0.44,1.58,7.75,20.999,3.19
01/11/2015,0.12,-0.0876190476190476,0.57371,0.169,-0.680833,2.22,0.4525,-0.36,1.59,7.75,20.999,3.06
01/12/2015,0.24,-0.126318181818182,0.58277,0.169,-0.740213833333333,2.34,0.484,-0.38,1.67,7.75,20.999,2.97
01/01/2016,0.34,-0.14615,0.58976,0.169,-0.745873,2.3,0.435,-0.46,1.67,7.75,20.999,3.19
01/02/2016,0.38,-0.183571428571429,0.59073,0.098,-0.8886364,2.28,0.4575,-0.5,1.64,7.75,20.999,2.95
01/03/2016,0.36,-0.22852380952381,0.58825,0.098,-0.774167,2.31,0.46,-0.59,1.63,7.75,20.999,2.77
01/04/2016,0.37,-0.249190476190476,0.5889,0.06,-0.746875,2.26,0.5125,-0.59,1.61,7.15,20.999,2.95
01/05/2016,0.37,-0.257181818181818,0.58929,0.06,-0.765375,2.0,0.5075,-0.6,1.58,7.0,20.999,2.89
01/06/2016,0.38,-0.267909090909091,0.57468,0.059,-0.718645,1.99,0.51,-0.63,1.43,7.0,20.999,2.87
01/07/2016,0.39,-0.294523809523809,0.5136,0.058,-0.77,1.93,0.5,-0.67,1.36,7.0,20.999,2.87
01/08/2016,0.4,-0.298217391304348,0.40613,0.058,-0.75,1.76,0.506,-0.74,1.35,7.0,20.999,2.77
01/09/2016,0.4,-0.301636363636364,0.37907,0.056,-0.75,1.73,0.505,-0.75,1.34,7.0,20.999,2.81
01/10/2016,0.4,-0.309,0.3975,0.056,-0.75,1.74,0.4875,-0.75,1.35,6.75,20.8929302733,2.91
01/11/2016,0.41,-0.312681818181818,0.39773,0.056,-0.76,1.76,0.48,-0.79,1.42,6.75,20.734,3.35
01/12/2016,0.54,-0.315761904761905,0.37226,0.056,-0.8,1.78,0.4775,-0.79,1.54,6.75,20.469,4.77
01/01/2017,0.65,-0.325545454545455,0.3621,0.056,-0.93,1.78,0.45,-0.77,1.5,6.75,19.9624820631,4.57
01/02/2017,0.66,-0.3286,0.35674,0.056,-0.803778166666667,1.78,0.465,-0.69,1.49,6.75,19.5854047695,5.51
01/03/2017,0.79,-0.329347826086957,0.34567,0.056,-0.815,1.79,0.498,-0.63,1.48,6.75,18.879,4.86
01/04/2017,0.9,-0.330388888888889,0.33513,0.056,-0.7901191,1.77,0.535,-0.63,1.43,6.5,18.2889392065,4.4
01/05/2017,0.91,-0.329454545454545,0.31081,0.056,-0.89770825,1.73,0.512,-0.62,1.39,6.5,17.819,4.86
01/06/2017,1.04,-0.33,0.29442,0.056,-0.775,1.72,0.565,-0.67,1.38,6.5,16.759,5.13
01/07/2017,1.15,-0.330428571428571,0.2931,0.075,-0.805833333333333,1.7,0.73,-0.75,1.39,6.5,16.6069789177,4.35
01/08/2017,1.16,-0.329086956521739,0.28119,0.056,-0.815,1.7,0.722,-0.73,1.39,6.25,15.699,4.48
01/09/2017,1.15,-0.329380952380952,0.30911,0.056,-0.84525,1.72,0.98,-0.71,1.38,6.25,14.8502202259,4.59
01/10/2017,1.15,-0.329545454545455,0.38187,0.063,-0.925185222222222,1.7,0.96,-0.68,1.38,6.25,14.4871445898,4.7
01/11/2017,1.16,-0.329,0.51857,0.063,-0.906642166666667,1.72,0.88,-0.71,1.45,6.25,13.034161885,4.76
01/12/2017,1.3,-0.327894736842105,0.51871,0.063,-0.864305555555556,1.77,0.96,-0.75,1.66,6.25,13.4198022385,5.55
01/01/2018,1.41,-0.328454545454546,0.5225,0.068,-0.87154745,1.79,1.164,-0.69,1.66,6.25,13.314,4.85
01/02/2018,1.42,-0.3285,0.54683,0.068,-0.8715625,1.77,1.1625,-0.66,1.65,6.25,13.122548884,4.49
01/03/2018,1.51,-0.327904761904762,0.62842,0.097,-0.79524075,1.93,1.095,-0.66,1.65,6.25,12.9732222424,4.8
01/04/2018,1.69,-0.32845,0.75629,0.097,-0.80023515,2.06,1.165,-0.66,1.65,6.25,12.784,4.37
01/05/2018,1.7,-0.325227272727273,0.64355,0.078,-0.7861775,1.96,1.246,-0.7,1.65,6.25,12.784,4.54
01/06/2018,1.82,-0.322047619047619,0.63868,0.078,-0.790477142857143,2.07,1.2375,-0.69,1.65,6.45,12.784,4.63
01/07/2018,1.91,-0.320727272727273,0.74619,0.091,-0.780435909090909,2.02,1.375,-0.67,1.65,6.5,12.784,3.93
01/08/2018,1.91,-0.319,0.80519,0.091,-0.777280909090909,1.96,1.488,-0.68,1.65,6.75,12.784,3.23
01/09/2018,1.95,-0.31885,0.80093,0.05,-0.780283888888889,1.93,1.5175,-0.73,1.65,6.75,12.784,3.12
01/10/2018,2.19,-0.317695652173913,0.80618,0.05,-0.831076428571429,1.93,1.66,-0.7,1.68,6.75,12.784,3.22
01/11/2018,2.2,-0.316363636363636,0.87483,0.05,-0.815,1.94,1.7125,-0.73,1.71,6.75,12.784,3.37
01/12/2018,2.27,-0.311894736842105,0.90444,0.05,-0.776,2.02,1.66,-0.66,1.91,6.75,12.784,3.87
01/01/2019,2.4,-0.308,0.91822,0.03,-0.813503555555556,2.07,1.634,-0.44,1.87,6.75,12.784,3.24
01/02/2019,2.4,-0.30845,0.87598,0.03,-0.768617571428571,1.96,1.665,-0.4,1.87,6.5625,12.784,2.91
01/03/2019,2.41,-0.309190476190476,0.84,0.05,-0.756575222222222,1.83,1.66,-0.4,1.9,6.5,12.784,3.08
01/04/2019,2.42,-0.31045,0.82,0.05,-0.7475,1.68,1.675,-0.3995,1.86,6.25,12.784,3.0
01/05/2019,2.39,-0.311863636363636,0.8,0.049,-0.7752625,1.54,1.678,-0.3995,1.84,6.25,12.784,3.15
01/06/2019,2.38,-0.3289,0.78,0.049,-0.780555,1.29,1.665,-0.3994,1.8,6.0,12.784,3.6
01/07/2019,2.4,-0.364869565217391,0.77,0.049,-0.84,1.11,1.654,-0.4,1.68,6.0,12.784,3.16
01/08/2019,2.13,-0.407681818181818,0.76,0.009,-0.8075,0.98,1.635,-0.4278,1.49,5.72,12.254,3.11
01/09/2019,2.04,-0.417571428571429,0.77,0.009,-0.79125,0.98,1.6275,-0.4094,1.54,5.65,12.0526,3.3
01/10/2019,1.83,-0.412869565217391,0.78,0.009,-0.756590909090909,0.88,1.654,-0.4333,1.46,5.4,11.7028,3.46
01/11/2019,1.55,-0.401285714285714,0.79,0.018,-0.705643333333333,0.91,1.6625,-0.4717,1.52,5.4,11.194,3.33
01/12/2019,1.55,-0.3947,0.79,0.021,-0.736666666666667,0.9,1.6575,-0.455,1.53,5.4,10.8654,3.49
01/01/2020,1.55,-0.391136363636364,0.74,0.021,-0.74875,0.89,1.646,-0.1749,1.47,5.4,10.664,3.67
01/02/2020,1.58,-0.40885,0.75,0.021,-0.7164475,0.89,1.6325,-0.1499,1.42,5.4,10.4414,2.98
01/03/2020,0.65,-0.416636363636364,0.53,0.006,-0.675,0.53,0.6725,-0.15291,1.23,5.21,10.187,2.55
01/04/2020,0.05,-0.25405,0.65,-0.039,-0.624583333333333,0.17,0.246,-0.1704,1.1,4.65,9.869,2.32
01/05/2020,0.05,-0.27195,0.33,-0.042,-0.663348888888889,0.1,0.235,-0.13926,1.02,4.49,9.1906,2.13
01/06/2020,0.08,-0.376,0.19,-0.042,-0.6658145,0.1,0.1925,-0.084714,0.79,4.25,8.7348,2.54
01/07/2020,0.09,-0.444130434782609,0.1,-0.065,-0.69071347826087,0.1,0.18,-0.084522,0.79,4.25,8.279,2.76
01/08/2020,0.1,-0.479714285714286,0.07,-0.065,-0.706807142857143,0.1,0.1575,-0.11924,0.68,4.25,8.0564,2.97
01/09/2020,0.09,-0.491363636363636,0.06,-0.055,-0.708714090909091,0.09,0.142,-0.13068,0.63,4.25,8.014,2.99
01/10/2020,0.09,-0.509136363636364,0.05,-0.055,-0.698181818181818,0.07,0.1,-0.1285,0.63,4.25,8.014,3.18
01/11/2020,0.09,-0.520857142857143,0.04,-0.055,-0.73,0.02,0.1075,-0.12448,0.66,2.25,8.014,3.56
01/12/2020,0.09,-0.538090909090909,0.03,-0.055,-0.742727272727273,0.02,0.106,-0.18255,0.66,4.25,8.014,3.33
01/01/2021,0.09,-0.54715,0.03,-0.055,-0.729838,0.01,0.0575,-0.15042,0.68,4.25,8.014,3.01
01/02/2021,0.08,-0.5411,0.05,-0.055,-0.732424,0.01,0.0825,-0.1313,0.73,4.25,8.014,3.25
01/03/2021,0.07,-0.539086956521739,0.08,-0.065,-0.73,0.03,0.106,-0.15965,0.75,4.25,8.3638,3.07
01/04/2021,0.07,-0.53815,0.09,-0.065,-0.7285415,0.04,0.0925,-0.14671,0.74,4.25,8.809,2.82
01/05/2021,0.06,-0.540095238095238,0.08,-0.065,-0.735221052631579,0.04,0.0975,-0.1519,0.68,4.25,9.4874,2.84
01/06/2021,0.08,-0.542909090909091,0.08,-0.072,-0.737727272727273,0.03,0.128,-0.15881,0.66,4.25,9.9856,2.93
01/07/2021,0.1,-0.544818181818182,0.08,-0.072,-0.736136363636364,0.02,0.1675,-0.15514,0.69,4.25,10.399,2.82
01/08/2021,0.09,-0.547590909090909,0.07,-0.072,-0.738181818181818,0.01,0.1775,-0.16214,0.77,4.25,11.3106,2.86
01/09/2021,0.08,-0.545045454545454,0.07,-0.072,-0.82,0.01,0.132,-0.17082,0.98,4.25,11.7558,2.77
01/10/2021,0.08,-0.549809523809524,0.16,-0.072,-0.726692380952381,0.04,0.12,-0.21338,1.08,4.25,12.678,2.72
01/11/2021,0.08,-0.567363636363636,0.13,-0.072,-0.693960909090909,0.04,0.1175,-0.34709,1.17,4.25,14.109,2.94
01/12/2021,0.08,-0.58195652173913,0.16,-0.049,-0.71745652173913,0.06,0.078,-0.38467,1.27,4.25,15.2856,3.08
01/01/2022,0.08,-0.560142857142857,0.53,-0.049,-0.714190952380952,0.07,0.305,-0.16025,1.39,4.25,15.699,3.32
01/02/2022,0.08,-0.53150000005,0.81,-0.049,-0.684792,0.07,0.325,-0.1435,1.5,4.25,17.1194,3.2
01/03/2022,0.2,-0.495434782608696,0.99,-0.049,-0.682174347826087,0.17,0.566,-0.22491,1.5,4.25,17.819,3.17
01/04/2022,0.33,-0.447894736842105,1.13,-0.049,-0.6725,0.41,1.0475,-0.098526,1.64,4.25,18.349,2.99
01/05/2022,0.77,-0.385727272727273,1.31,-0.049,-0.685,1.0,1.3675,0.31314,1.77,4.65,19.2606,2.81
01/06/2022,1.21,-0.239227272727273,1.57,0.005,-0.508571428571429,1.6,1.834,0.5147,1.99,5.03,19.6634,2.76
01/07/2022,1.68,0.0366190476190476,1.84,-0.031,-0.11,2.07,2.445,0.7801,2.41,5.15,19.939,2.79
01/08/2022,2.33,0.394739130434783,2.23,-0.02,-0.0245454545454545,2.31,2.908,1.13165,2.79,5.65,20.3948,2.5
01/09/2022,2.56,1.01086363636364,2.91,-0.016,0.1475,2.76,3.42,1.50959,3.01,5.75,20.469,2.36
01/10/2022,3.08,1.42766666666667,3.39,-0.016,0.52875,2.95,3.76,1.60286,3.69,6.15,20.469,2.43
01/11/2022,3.78,1.82522727272727,3.52,-0.016,0.54,3.06,3.988,1.67914,3.99,6.15,20.469,2.68
01/12/2022,4.1,2.06347619047619,3.78,-0.015,0.736349047619048,3.17,4.1675,2.02062,4.02,6.43,20.469,2.79
01/01/2023,4.33,2.34486363636364,4.01,-0.006,0.986904761904762,3.32,4.325,2.65695,3.8,6.5,20.469,2.9
01/02/2023,4.57,2.64035,4.21,0.001,1.0,3.46,4.45,3.0353,3.52,6.69,20.469,2.94
01/03/2023,4.65,2.91056521739131,4.33,-0.008,1.36382260869565,3.64,4.388,3.24887,3.61,6.75,20.469,3.05
01/04/2023,4.83,3.167,4.52,-0.001,1.45,3.66,4.3675,3.41356,3.5,6.75,20.469,2.89
01/05/2023,5.06,3.3664347826087,4.73,-0.019,1.45,3.9,4.478,3.50124,3.64,6.75,20.469,2.98
01/06/2023,5.08,3.53586363636364,5.09,-0.003,1.59045454545455,4.25,4.8325,3.5381,3.75,6.75,20.469,2.81
01/07/2023,5.12,3.67180952380952,5.49,-0.003,1.72,4.3,4.935,3.70871,3.75,6.75,20.469,2.57
01/08/2023,5.33,3.78030434782609,5.53,-0.003,1.76727272727273,4.15,5.054,3.79361,3.7,6.75,19.9814,2.63
01/09/2023,5.33,3.88004761904762,5.52,0.024,1.77,4.13,5.0375,3.82667,3.76,6.75,19.7482,2.64
01/10/2023,5.33,3.96763636363636,5.4,-0.012,1.77,4.21,5.08,3.95627,3.82,6.75,19.409,2.73
01/11/2023,5.33,3.97163636363636,5.36,0.024,1.73181818181818,4.38,4.996,4.10186,3.83,6.75,18.9002,2.88
01/12/2023,5.33,3.93309523809524,5.22,0.052,1.6525,4.35,4.9475,4.02842,3.83,6.75,18.5822,3.02
01/01/2024,5.33,3.92527272727273,5.2,0.025,1.6852380952381,4.35,4.948,3.97095,3.74,6.75,18.349,2.79
01/02/2024,5.33,3.92319047619048,5.21,0.027,1.7,4.34,4.935,4.04338,3.69,6.75,17.819,2.69
01/03/2024,5.33,3.92238095238095,5.2,0.109,1.5,4.35,4.905,4.0525,3.65,6.75,17.66,2.53
01/04/2024,5.33,3.88636363636364,5.18,0.109,1.5,4.37,4.925,3.95071,3.57,6.75,17.289,2.49
01/05/2024,5.33,3.81365217391304,5.16,0.129,1.5,4.36,4.868,3.78762,3.6,6.75,17.0876,2.32
01/06/2024,5.33,3.7245,5.16,0.149,1.427,4.39,4.6475,3.68339,3.6,6.75,17.024,2.23
01/07/2024,5.33,3.68482608695652,5.09,0.166,1.19347826086957,4.46,4.508,3.5847,3.54,6.75,17.024,2.21
01/08/2024,5.33,3.54759090909091,4.91,0.255,1.06647238095238,4.38,4.2325,3.36582,3.5,6.75,17.024,2.04
01/09/2024,5.13,3.43371428571428,4.84,0.256,1.02214285714286,4.42,4.0425,3.13867,3.52,6.75,17.13,2.06
01/10/2024,4.83,3.16660869565217,4.75,0.256,0.894492608695652,4.41,3.71,2.91691,3.43,6.75,17.289,2.1
01/11/2024,4.64,3.0067619047619,4.68,0.362,0.806508095238095,4.42,3.48,2.66529,3.42,6.75,17.7024,2.04
01/12/2024,4.48,2.81609090909091,4.64,0.386,0.60075,4.44,3.195,2.45478,3.35,6.75,18.4762,2.0
01/01/2025,4.33,2.7031304348,4.55,0.76727,0.408095238095238,4.33,3.058,2.33105,3.04,6.75,18.9744,1.94
01/02/2025,4.33,2.52495,4.44,0.79182,0.37125,4.17,2.8425,2.2802,2.95,6.75,19.939,1.99
01/03/2025,4.33,2.4424285714,4.39,0.82091,0.312911904761905,4.12,2.66,2.29952,2.84,6.75,20.3842,2.14
01/04/2025,4.33,2.2481818182,4.26,0.78364,0.15585,4.02,2.622,2.268,2.74,6.75,20.999,2.02
01/05/2025,4.33,2.0912727273,4.19,0.77545,0.092,3.78,2.6225,2.30257,2.67,6.75,21.423,1.83
01/06/2025,4.33,1.9836190476,4.15,0.77273,0.039603,3.69,2.66,2.18842,2.57,6.75,21.6244,1.79
01/07/2025,4.33,1.9863478261,4.05,0.77273,-0.0406521739130435,3.68,2.662,2.07874,2.51,6.75,21.794,1.78
01/08/2025,4.33,2.0210952381,3.98,0.77273,-0.0615,3.61,2.655,2.043,2.51,6.75,21.794,1.66
01/09/2025,4.22,2.0272727273,3.97,0.81818,-0.0596968181818182,3.58,2.4925,1.98341,2.56,6.75,21.794,1.68
01/10/2025,4.09,2.0344347826,3.93,0.80909,-0.0643113043478261,3.56,2.334,1.85274,2.55,6.75,21.794,1.69
01/11/2025,3.88,2.04165,3.84,0.80636,-0.0475,3.65,2.185,1.8687,2.69,6.75,21.794,1.66
01/12/2025,3.72,2.0457826087,3.75,1.07273,-0.0482128571428571,3.71,2.164,1.92889,2.84,6.75,21.794,1.69
01/01/2026,3.64,2.0277272727,3.71,1.11636,-0.0388865,3.77,2.19,1.9577,2.7,6.75,21.794,1.75
01/02/2026,3.64,2.0277272727,3.71,1.22909,-0.0435,3.96,2.1775,1.9074,2.78,6.75,21.794,1.71
01/03/2026,3.64,2.0277272727,3.71,1.26882,-0.0411959090909091,4.19,2.23,1.93618,2.82,6.75,21.688,1.7
01/04/2026,3.64,2.0277272727,3.71,1.26882,-0.04,4.34,2.272,1.93585,2.82,6.75,21.5184,1.7
01/05/2026,3.64,2.0277272727,3.71,1.26882,-0.04,4.34,2.272,1.93585,2.82,6.75,21.5184,1.7
